{
  "generated_at": "2026-07-01T06:42:55Z",
  "environment": {
    "database": "postgresql",
    "go_version": "go1.25.1",
    "gomaxprocs": 2,
    "lock": "redis (distributed SET NX + Lua unlock)",
    "os": "linux/amd64",
    "storage": "local (centralized)"
  },
  "config": {
    "file_count": 500000,
    "file_size": 1024,
    "grpc_concurrency": 12,
    "http_concurrency": 12
  },
  "phases": [
    {
      "name": "HTTP Write",
      "protocol": "HTTP",
      "operation": "write",
      "file_count": 500000,
      "file_size": 1024,
      "concurrency": 12,
      "duration_sec": 456.566990283,
      "success": 500000,
      "fail": 0,
      "files_per_sec": 1095.12954427581,
      "mb_per_sec": 1.0694624455818458,
      "latency": {
        "min_us": 1911,
        "max_us": 342069,
        "avg_us": 10956,
        "p50_us": 6973,
        "p95_us": 28854,
        "p99_us": 44142,
        "sample": 500000
      }
    },
    {
      "name": "HTTP Read",
      "protocol": "HTTP",
      "operation": "read",
      "file_count": 500000,
      "file_size": 1024,
      "concurrency": 12,
      "duration_sec": 90.576737596,
      "success": 500000,
      "fail": 0,
      "files_per_sec": 5520.181155454651,
      "mb_per_sec": 5.390801909623683,
      "latency": {
        "min_us": 207,
        "max_us": 176058,
        "avg_us": 2166,
        "p50_us": 1744,
        "p95_us": 4174,
        "p99_us": 12182,
        "sample": 500000
      }
    },
    {
      "name": "gRPC Write",
      "protocol": "gRPC",
      "operation": "write",
      "file_count": 500000,
      "file_size": 1024,
      "concurrency": 12,
      "duration_sec": 212.5198092,
      "success": 500000,
      "fail": 0,
      "files_per_sec": 2352.7218562927264,
      "mb_per_sec": 2.2975799377858657,
      "latency": {
        "min_us": 752,
        "max_us": 370258,
        "avg_us": 5098,
        "p50_us": 4438,
        "p95_us": 8370,
        "p99_us": 18947,
        "sample": 500000
      }
    },
    {
      "name": "gRPC Read",
      "protocol": "gRPC",
      "operation": "read",
      "file_count": 500000,
      "file_size": 1024,
      "concurrency": 12,
      "duration_sec": 109.354661333,
      "success": 500000,
      "fail": 0,
      "files_per_sec": 4572.278802797726,
      "mb_per_sec": 4.465116018357154,
      "latency": {
        "min_us": 260,
        "max_us": 167713,
        "avg_us": 2621,
        "p50_us": 2034,
        "p95_us": 5408,
        "p99_us": 13826,
        "sample": 500000
      }
    }
  ],
  "summary": {
    "grpc_read_files_per_sec": 4572.278802797726,
    "grpc_write_files_per_sec": 2352.7218562927264,
    "http_read_files_per_sec": 5520.181155454651,
    "http_write_files_per_sec": 1095.12954427581,
    "total_errors": 0,
    "total_files_read": 1000000,
    "total_files_written": 1000000
  }
}